{
  "per_horizon": [
    {
      "horizon": 1,
      "mae": 0.6810034699772689,
      "rmse": 1.0875821442255733,
      "r2": 0.9959185460247137
    },
    {
      "horizon": 3,
      "mae": 2.0077857822112524,
      "rmse": 3.2141237154576072,
      "r2": 0.9641605704133499
    },
    {
      "horizon": 6,
      "mae": 3.869128096325291,
      "rmse": 6.176647880323367,
      "r2": 0.8671723071195454
    }
  ],
  "aggregate": {
    "mae_mean": 2.1859724495046042,
    "rmse_mean": 3.492784580002182,
    "r2_mean": 0.9424171411858696
  }
}