{
  "per_horizon": [
    {
      "horizon": 1,
      "mae": 1.070881206170162,
      "rmse": 2.128090226884886,
      "r2": 0.9737408854216842
    },
    {
      "horizon": 3,
      "mae": 1.4820139244924504,
      "rmse": 2.895184928091472,
      "r2": 0.9513223659616065
    },
    {
      "horizon": 6,
      "mae": 2.137761187733108,
      "rmse": 3.998589519757563,
      "r2": 0.908588589776173
    }
  ],
  "aggregate": {
    "mae_mean": 1.563552106131907,
    "rmse_mean": 3.007288224911307,
    "r2_mean": 0.9445506137198212
  }
}