{
  "per_horizon": [
    {
      "horizon": 1,
      "mae": 1.3420074318460125,
      "rmse": 2.5264385933185465,
      "r2": 0.9629901352946685
    },
    {
      "horizon": 3,
      "mae": 1.823254946610286,
      "rmse": 3.6181496727506692,
      "r2": 0.9239761429314989
    },
    {
      "horizon": 6,
      "mae": 2.530423927639761,
      "rmse": 5.164416691582096,
      "r2": 0.8475142309520143
    }
  ],
  "aggregate": {
    "mae_mean": 1.8985621020320196,
    "rmse_mean": 3.7696683192171037,
    "r2_mean": 0.9114935030593939
  }
}