{
  "trajectory_id": "double_pendulum_00021",
  "system_name": "double_pendulum",
  "parameters": {
    "m1": 1.4983296233483392,
    "m2": 1.66895098905423,
    "L1": 1.3147573117582905,
    "L2": 1.0150866883091592,
    "g": 9.81,
    "theta1": 1.010927483104129,
    "omega1": 0.32332252633552216,
    "theta2": 2.3981473419887704,
    "omega2": -0.25268454225257986
  },
  "metadata": {
    "seed": 1914862347,
    "noise_source": "none",
    "rng_probe": 0.44968447863324335
  }
}