{
  "trajectory_id": "double_pendulum_00059",
  "system_name": "double_pendulum",
  "parameters": {
    "m1": 1.70526863675423,
    "m2": 1.204359510219719,
    "L1": 1.0162200917924553,
    "L2": 1.2398963286110691,
    "g": 9.81,
    "theta1": 1.0064309139253913,
    "omega1": -0.011716706965153145,
    "theta2": 2.596976041554427,
    "omega2": -0.7682865513294632
  },
  "metadata": {
    "seed": 1903535703,
    "noise_source": "none",
    "rng_probe": 0.6728463364187414
  }
}