{
  "trajectory_id": "double_pendulum_00077",
  "system_name": "double_pendulum",
  "parameters": {
    "m1": 1.0176377080914172,
    "m2": 1.6240136053728715,
    "L1": 0.8391549208951243,
    "L2": 1.072256200706519,
    "g": 9.81,
    "theta1": 1.257329993977247,
    "omega1": 0.7731151243437384,
    "theta2": 0.885905855399054,
    "omega2": -0.6248126361210173
  },
  "metadata": {
    "seed": 1831333530,
    "noise_source": "none",
    "rng_probe": 0.5083039697840941
  }
}