{
  "trajectory_id": "double_pendulum_00012",
  "system_name": "double_pendulum",
  "parameters": {
    "m1": 0.9190439537514236,
    "m2": 1.7630116528172688,
    "L1": 1.2230007231726356,
    "L2": 1.1735121513271964,
    "g": 9.81,
    "theta1": 1.4167746437266218,
    "omega1": -0.8072180756930014,
    "theta2": 0.8780479345100471,
    "omega2": 0.8052047930876833
  },
  "metadata": {
    "seed": 273969198,
    "noise_source": "none",
    "rng_probe": 0.6331522679035745
  }
}