{
  "trajectory_id": "double_pendulum_00046",
  "system_name": "double_pendulum",
  "parameters": {
    "m1": 0.7463060140021351,
    "m2": 1.305909599963065,
    "L1": 1.148877092084359,
    "L2": 0.6098421487108823,
    "g": 9.81,
    "theta1": 1.4318501751317445,
    "omega1": -0.40928194931182027,
    "theta2": 2.560529089531337,
    "omega2": -0.08290383640289778
  },
  "metadata": {
    "seed": 677294267,
    "noise_source": "none",
    "rng_probe": 0.34387109122368686
  }
}