{
  "trajectory_id": "double_pendulum_00020",
  "system_name": "double_pendulum",
  "parameters": {
    "m1": 0.9491014057681424,
    "m2": 1.2180685550780574,
    "L1": 0.8047720724540821,
    "L2": 1.3488348560391705,
    "g": 9.81,
    "theta1": 0.5506699286809152,
    "omega1": -0.12980587999392412,
    "theta2": 0.18659981001187517,
    "omega2": 0.9847511281116741
  },
  "metadata": {
    "seed": 325429549,
    "noise_source": "none",
    "rng_probe": 0.7922756000821817
  }
}