{
  "trajectory_id": "double_pendulum_00028",
  "system_name": "double_pendulum",
  "parameters": {
    "m1": 0.6214041407723853,
    "m2": 0.7309727961188819,
    "L1": 1.263542891906189,
    "L2": 1.2374536706601293,
    "g": 9.81,
    "theta1": 0.7575983716907835,
    "omega1": 0.21203164140002184,
    "theta2": 1.6643848875149434,
    "omega2": 0.7354779075520224
  },
  "metadata": {
    "seed": 1617814390,
    "noise_source": "none",
    "rng_probe": 0.6601791995811613
  }
}