{
  "trajectory_id": "double_pendulum_00015",
  "system_name": "double_pendulum",
  "parameters": {
    "m1": 0.724083561267062,
    "m2": 1.3051734866132545,
    "L1": 0.7364743748295088,
    "L2": 1.3400960947014378,
    "g": 9.81,
    "theta1": 1.817351293799234,
    "omega1": 0.1818309829628335,
    "theta2": 1.105036649225288,
    "omega2": -0.954392257940605
  },
  "metadata": {
    "seed": 310363331,
    "noise_source": "none",
    "rng_probe": 0.8915869052843997
  }
}