{
  "trajectory_id": "double_pendulum_00013",
  "system_name": "double_pendulum",
  "parameters": {
    "m1": 0.8428360377542764,
    "m2": 0.967147948980783,
    "L1": 1.0633756551535167,
    "L2": 0.7414182263513853,
    "g": 9.81,
    "theta1": 2.6554717134554497,
    "omega1": 0.4389259119018736,
    "theta2": 2.357107429551159,
    "omega2": -0.13581392044979257
  },
  "metadata": {
    "seed": 978772129,
    "noise_source": "none",
    "rng_probe": 0.7407727343322367
  }
}