{
  "trajectory_id": "double_pendulum_00051",
  "system_name": "double_pendulum",
  "parameters": {
    "m1": 0.6481815594564797,
    "m2": 0.8421385328628664,
    "L1": 0.6999389434445145,
    "L2": 1.0036247921543893,
    "g": 9.81,
    "theta1": 2.316558736667342,
    "omega1": 0.70226219952387,
    "theta2": 1.966239398138129,
    "omega2": -0.6895740151178182
  },
  "metadata": {
    "seed": 1799548815,
    "noise_source": "none",
    "rng_probe": 0.011089489126840602
  }
}