{
  "trajectory_id": "double_pendulum_00044",
  "system_name": "double_pendulum",
  "parameters": {
    "m1": 0.7891339783499995,
    "m2": 0.77734004705063,
    "L1": 1.3489019707005951,
    "L2": 0.9503232297590025,
    "g": 9.81,
    "theta1": 1.2159027569351113,
    "omega1": 0.10598613050579986,
    "theta2": 2.2694066909425747,
    "omega2": 0.8722799736769244
  },
  "metadata": {
    "seed": 774775568,
    "noise_source": "none",
    "rng_probe": 0.05089626212584708
  }
}