{
  "trajectory_id": "double_pendulum_00008",
  "system_name": "double_pendulum",
  "parameters": {
    "m1": 0.6369814014815273,
    "m2": 1.1240608670788348,
    "L1": 0.7716677382556233,
    "L2": 0.9268229149797089,
    "g": 9.81,
    "theta1": 2.6457045182034062,
    "omega1": -0.883394516621868,
    "theta2": 0.7615486215925937,
    "omega2": -0.4372322159560069
  },
  "metadata": {
    "seed": 1970642945,
    "noise_source": "none",
    "rng_probe": 0.526509081357419
  }
}