{
  "trajectory_id": "double_pendulum_00065",
  "system_name": "double_pendulum",
  "parameters": {
    "m1": 1.6885243465874582,
    "m2": 0.6535789067691347,
    "L1": 0.7862818279549649,
    "L2": 0.8336474642516226,
    "g": 9.81,
    "theta1": 1.5409812437764365,
    "omega1": -0.013420048298666831,
    "theta2": 1.8337273299749988,
    "omega2": -0.831769330886236
  },
  "metadata": {
    "seed": 388537026,
    "noise_source": "none",
    "rng_probe": 0.5000987436716005
  }
}