{
  "trajectory_id": "double_pendulum_00067",
  "system_name": "double_pendulum",
  "parameters": {
    "m1": 1.0061477799567913,
    "m2": 1.613374647944624,
    "L1": 0.9860580068698351,
    "L2": 1.2149020715675032,
    "g": 9.81,
    "theta1": 2.6414841368902744,
    "omega1": 0.8191044877426998,
    "theta2": 1.5853700659939776,
    "omega2": 0.17424788107396116
  },
  "metadata": {
    "seed": 1158626343,
    "noise_source": "none",
    "rng_probe": 0.6675999081467145
  }
}