{
  "trajectory_id": "double_pendulum_00056",
  "system_name": "double_pendulum",
  "parameters": {
    "m1": 1.11348385641762,
    "m2": 1.333185056443954,
    "L1": 1.1077032939346103,
    "L2": 0.9294487172684561,
    "g": 9.81,
    "theta1": 1.2933517025499177,
    "omega1": 0.1766124968180165,
    "theta2": 0.7119373280130498,
    "omega2": -0.36591817736552423
  },
  "metadata": {
    "seed": 1976666563,
    "noise_source": "none",
    "rng_probe": 0.6962987357893016
  }
}