{
  "trajectory_id": "double_pendulum_00030",
  "system_name": "double_pendulum",
  "parameters": {
    "m1": 1.4952171362921358,
    "m2": 1.5798825161086927,
    "L1": 0.6842224638833,
    "L2": 0.6532470855641425,
    "g": 9.81,
    "theta1": 1.8580250647280891,
    "omega1": 0.6493283809126826,
    "theta2": 0.49459946568789803,
    "omega2": -0.37933065215185113
  },
  "metadata": {
    "seed": 1982904517,
    "noise_source": "none",
    "rng_probe": 0.12284806605634724
  }
}