{
  "trajectory_id": "double_pendulum_00002",
  "system_name": "double_pendulum",
  "parameters": {
    "m1": 0.6765807073250104,
    "m2": 1.5931574063910987,
    "L1": 1.1053315192976518,
    "L2": 1.206470192068299,
    "g": 9.81,
    "theta1": 1.1283235801706168,
    "omega1": 0.7862422426443954,
    "theta2": 3.0024679798536638,
    "omega2": 0.5567669941475237
  },
  "metadata": {
    "seed": 1631871623,
    "noise_source": "none",
    "rng_probe": 0.3721292002979727
  }
}