{
  "trajectory_id": "double_pendulum_00042",
  "system_name": "double_pendulum",
  "parameters": {
    "m1": 1.55909365981448,
    "m2": 1.190583858690515,
    "L1": 1.0796747532180897,
    "L2": 1.3449889885520814,
    "g": 9.81,
    "theta1": 0.4141808031729585,
    "omega1": -0.8245819761784632,
    "theta2": 0.4061813457509444,
    "omega2": 0.31572657008105565
  },
  "metadata": {
    "seed": 1565109360,
    "noise_source": "none",
    "rng_probe": 0.2025510648846518
  }
}