{
  "trajectory_id": "double_pendulum_00045",
  "system_name": "double_pendulum",
  "parameters": {
    "m1": 1.1752434769494484,
    "m2": 1.0516313681769915,
    "L1": 1.3893052359394575,
    "L2": 1.1742081888029148,
    "g": 9.81,
    "theta1": 2.9431466900015244,
    "omega1": 0.7010673583815652,
    "theta2": 0.41036357007112406,
    "omega2": 0.27414776798241514
  },
  "metadata": {
    "seed": 1675684697,
    "noise_source": "none",
    "rng_probe": 0.7167979506734177
  }
}