{
  "trajectory_id": "double_pendulum_00022",
  "system_name": "double_pendulum",
  "parameters": {
    "m1": 0.7133600016738183,
    "m2": 1.4961475336188312,
    "L1": 0.8099684127382917,
    "L2": 1.3494505204270233,
    "g": 9.81,
    "theta1": 0.7829343306685991,
    "omega1": 0.6622253442498123,
    "theta2": 0.4233796253926483,
    "omega2": -0.6934313667510119
  },
  "metadata": {
    "seed": 1603610770,
    "noise_source": "none",
    "rng_probe": 0.9543868653895151
  }
}