{
  "trajectory_id": "double_pendulum_00007",
  "system_name": "double_pendulum",
  "parameters": {
    "m1": 1.4020835541485661,
    "m2": 1.165315447371759,
    "L1": 1.052188885184951,
    "L2": 1.2119990859328205,
    "g": 9.81,
    "theta1": 1.9805545792126527,
    "omega1": 0.11841432149082709,
    "theta2": 1.7337630382200009,
    "omega2": -0.3920998038747756
  },
  "metadata": {
    "seed": 245951459,
    "noise_source": "none",
    "rng_probe": 0.2642293109852619
  }
}