{
  "trajectory_id": "double_pendulum_00055",
  "system_name": "double_pendulum",
  "parameters": {
    "m1": 0.7781267879040696,
    "m2": 1.2100232861363305,
    "L1": 0.9232275125926127,
    "L2": 0.9793349835860945,
    "g": 9.81,
    "theta1": 0.41261115186220876,
    "omega1": -0.44384890843748526,
    "theta2": 0.45786118027499245,
    "omega2": -0.3905907924783374
  },
  "metadata": {
    "seed": 2019911113,
    "noise_source": "none",
    "rng_probe": 0.7065079824915528
  }
}