{
  "trajectory_id": "driven_damped_single_00075",
  "system_name": "driven_damped_single",
  "parameters": {
    "m": 0.8221081638004911,
    "L": 0.9501587364514379,
    "g": 9.81,
    "damping": 0.06723976846465354,
    "drive_amplitude": 1.0883654530628406,
    "drive_frequency": 1.8944999313793327,
    "theta": -1.4777600878071444,
    "omega": 0.2651641616202925
  },
  "metadata": {
    "seed": 774723379,
    "noise_source": "none"
  }
}