{
  "trajectory_id": "driven_damped_single_00064",
  "system_name": "driven_damped_single",
  "parameters": {
    "m": 0.8139353401119663,
    "L": 1.1565803245260986,
    "g": 9.81,
    "damping": 0.05377865900892298,
    "drive_amplitude": 1.0608009736205362,
    "drive_frequency": 1.734686914925142,
    "theta": 2.0302688131377375,
    "omega": -0.7967979634131093
  },
  "metadata": {
    "seed": 1187899792,
    "noise_source": "none"
  }
}