{
  "trajectory_id": "driven_damped_single_00033",
  "system_name": "driven_damped_single",
  "parameters": {
    "m": 1.0336911440244874,
    "L": 1.2145905992637434,
    "g": 9.81,
    "damping": 0.11311664181810277,
    "drive_amplitude": 0.9600149717440349,
    "drive_frequency": 1.658529481511852,
    "theta": -1.2815633189112108,
    "omega": -0.3089936709881348
  },
  "metadata": {
    "seed": 1829512524,
    "noise_source": "none"
  }
}