{
  "trajectory_id": "double_pendulum_00002",
  "system_name": "double_pendulum",
  "parameters": {
    "m1": 1.5511943030565039,
    "m2": 1.3466150753293953,
    "L1": 1.3911681181455078,
    "L2": 0.7722469585884791,
    "g": 9.81,
    "theta1": 0.5372997451986993,
    "omega1": -0.9121159840772333,
    "theta2": 1.9130959603896498,
    "omega2": -0.9286394424528077
  },
  "metadata": {
    "seed": 303992514,
    "noise_source": "none",
    "rng_probe": 0.546102596499536
  }
}