{
  "trajectory_id": "double_pendulum_00004",
  "system_name": "double_pendulum",
  "parameters": {
    "m1": 1.4304385450582071,
    "m2": 0.8407280687843942,
    "L1": 0.8956290484817653,
    "L2": 0.6029873936416608,
    "g": 9.81,
    "theta1": 2.574667077093875,
    "omega1": -0.4648013908724291,
    "theta2": 0.519807689422013,
    "omega2": 0.7606643079616573
  },
  "metadata": {
    "seed": 399930127,
    "noise_source": "none",
    "rng_probe": 0.40628686686529836
  }
}