{
  "trajectory_id": "double_pendulum_00001",
  "system_name": "double_pendulum",
  "parameters": {
    "m1": 1.161521943412465,
    "m2": 0.9636389121831762,
    "L1": 0.8227404896806186,
    "L2": 0.8038956701232997,
    "g": 9.81,
    "theta1": 1.4037408222595416,
    "omega1": 0.10699470414898493,
    "theta2": 1.5846302778280315,
    "omega2": 0.9910005668687853
  },
  "metadata": {
    "seed": 1711693563,
    "noise_source": "none",
    "rng_probe": 0.25782800288626484
  }
}