{
  "trajectory_id": "double_pendulum_00062",
  "system_name": "double_pendulum",
  "parameters": {
    "m1": 1.7945573671003647,
    "m2": 1.5265258696255029,
    "L1": 0.8487692079366129,
    "L2": 1.150132039332874,
    "g": 9.81,
    "theta1": 2.1955588190516497,
    "omega1": 0.2817772691723188,
    "theta2": 1.2296564507655692,
    "omega2": -0.9785447100486475
  },
  "metadata": {
    "seed": 1449466404,
    "noise_source": "none",
    "rng_probe": 0.08516284830389631
  }
}