{
  "trajectory_id": "double_pendulum_00024",
  "system_name": "double_pendulum",
  "parameters": {
    "m1": 0.6167235452498419,
    "m2": 0.8755872359986263,
    "L1": 0.7054577742292168,
    "L2": 1.142126938890286,
    "g": 9.81,
    "theta1": 0.42056485104658475,
    "omega1": 0.38852487128577295,
    "theta2": 1.59004940030994,
    "omega2": 0.16223321844180472
  },
  "metadata": {
    "seed": 895577530,
    "noise_source": "none",
    "rng_probe": 0.4675837366984812
  }
}