{
  "trajectory_id": "double_pendulum_00001",
  "system_name": "double_pendulum",
  "parameters": {
    "m1": 1.1404631254746807,
    "m2": 1.0449576290790976,
    "L1": 1.3414119910788813,
    "L2": 1.1150920960645316,
    "g": 9.81,
    "theta1": 2.552505678580243,
    "omega1": -0.5455225564304462,
    "theta2": 1.3986853696506143,
    "omega2": 0.1091695740316696
  },
  "metadata": {
    "seed": 275121930,
    "noise_source": "none",
    "rng_probe": 0.3249490313631097
  }
}