{
  "trajectory_id": "double_pendulum_00043",
  "system_name": "double_pendulum",
  "parameters": {
    "m1": 1.529185699370212,
    "m2": 1.4054776959703112,
    "L1": 0.8669102066625904,
    "L2": 1.3186932378892284,
    "g": 9.81,
    "theta1": 2.3693121766561482,
    "omega1": -0.271615964455892,
    "theta2": 0.8728570888117393,
    "omega2": -0.3711200395914742
  },
  "metadata": {
    "seed": 898954480,
    "noise_source": "none",
    "rng_probe": 0.7956019441471539
  }
}