{
  "trajectory_id": "double_pendulum_00054",
  "system_name": "double_pendulum",
  "parameters": {
    "m1": 1.3636900105293324,
    "m2": 1.2868957799503649,
    "L1": 0.7161042037320398,
    "L2": 1.3568195628464759,
    "g": 9.81,
    "theta1": 0.9665615372701749,
    "omega1": 0.3995518891781322,
    "theta2": 1.8080929172486466,
    "omega2": 0.2984663104906178
  },
  "metadata": {
    "seed": 950642020,
    "noise_source": "none",
    "rng_probe": 0.033574430654987
  }
}