{
  "trajectory_id": "double_pendulum_00009",
  "system_name": "double_pendulum",
  "parameters": {
    "m1": 1.394299817672274,
    "m2": 1.2684385828095341,
    "L1": 1.2271185672851308,
    "L2": 1.13145083226191,
    "g": 9.81,
    "theta1": 1.2860632922715318,
    "omega1": -0.6660541601845922,
    "theta2": 2.525918421872549,
    "omega2": -0.954575853732279
  },
  "metadata": {
    "seed": 630487793,
    "noise_source": "none",
    "rng_probe": 0.4970909471403937
  }
}