{
  "trajectory_id": "double_pendulum_00073",
  "system_name": "double_pendulum",
  "parameters": {
    "m1": 1.187639690180287,
    "m2": 1.7826482033939115,
    "L1": 0.9719787649549224,
    "L2": 1.3823335832590722,
    "g": 9.81,
    "theta1": 1.3018465446673093,
    "omega1": -0.8303614553763359,
    "theta2": 2.464057798428561,
    "omega2": 0.11092342027552782
  },
  "metadata": {
    "seed": 1669331654,
    "noise_source": "none",
    "rng_probe": 0.8709625110386963
  }
}