{
  "trajectory_id": "double_pendulum_00038",
  "system_name": "double_pendulum",
  "parameters": {
    "m1": 1.2425217477960038,
    "m2": 1.6182725865283496,
    "L1": 1.1220698724480815,
    "L2": 1.2435134623576618,
    "g": 9.81,
    "theta1": 1.6703241612851891,
    "omega1": -0.42368877163507657,
    "theta2": 1.9750776115078637,
    "omega2": 0.46978632462058156
  },
  "metadata": {
    "seed": 75477976,
    "noise_source": "none",
    "rng_probe": 0.2264848347162821
  }
}