{
  "trajectory_id": "double_pendulum_00079",
  "system_name": "double_pendulum",
  "parameters": {
    "m1": 1.7970960447155009,
    "m2": 1.4410572121447902,
    "L1": 1.0761702723306974,
    "L2": 0.9138952743374351,
    "g": 9.81,
    "theta1": 2.833965985124389,
    "omega1": -0.731266173373877,
    "theta2": 1.5614178682369173,
    "omega2": -0.26924307360173305
  },
  "metadata": {
    "seed": 1234528067,
    "noise_source": "none",
    "rng_probe": 0.6532747322850149
  }
}