{
  "trajectory_id": "double_pendulum_00053",
  "system_name": "double_pendulum",
  "parameters": {
    "m1": 1.6609748536401807,
    "m2": 1.451493942120745,
    "L1": 0.7385022771380025,
    "L2": 0.6733768046593585,
    "g": 9.81,
    "theta1": 0.6082333206519923,
    "omega1": -0.08287871508302036,
    "theta2": 3.0308434696503572,
    "omega2": 0.5681618966828159
  },
  "metadata": {
    "seed": 90947116,
    "noise_source": "none",
    "rng_probe": 0.5089965036917059
  }
}