{
  "trajectory_id": "double_pendulum_00035",
  "system_name": "double_pendulum",
  "parameters": {
    "m1": 1.5353730489255948,
    "m2": 1.3709799311946573,
    "L1": 1.223197083662503,
    "L2": 0.7076417667305176,
    "g": 9.81,
    "theta1": 1.680500599962643,
    "omega1": 0.7151442882451151,
    "theta2": 1.6140565042790227,
    "omega2": -0.07440126881296827
  },
  "metadata": {
    "seed": 1722337462,
    "noise_source": "none",
    "rng_probe": 0.7357586837212323
  }
}