{
  "trajectory_id": "double_pendulum_00072",
  "system_name": "double_pendulum",
  "parameters": {
    "m1": 1.7637781400466834,
    "m2": 1.7814936977179496,
    "L1": 0.8305825963903242,
    "L2": 1.1870027979503328,
    "g": 9.81,
    "theta1": 2.3311444192971953,
    "omega1": -0.752260450271558,
    "theta2": 1.1038901414910764,
    "omega2": -0.9181060794285605
  },
  "metadata": {
    "seed": 1091307482,
    "noise_source": "none",
    "rng_probe": 0.0059101108545336345
  }
}