{
  "trajectory_id": "double_pendulum_00005",
  "system_name": "double_pendulum",
  "parameters": {
    "m1": 0.9748399696584493,
    "m2": 1.5987117616742414,
    "L1": 1.2438114859974414,
    "L2": 0.9099827032241395,
    "g": 9.81,
    "theta1": 0.926976642737705,
    "omega1": -0.7204950327813804,
    "theta2": 2.125873310998349,
    "omega2": -0.6001835950497834
  },
  "metadata": {
    "seed": 1503807854,
    "noise_source": "none",
    "rng_probe": 0.28830754837750094
  }
}