{
  "trajectory_id": "double_pendulum_00076",
  "system_name": "double_pendulum",
  "parameters": {
    "m1": 0.605400149927591,
    "m2": 1.21755521053962,
    "L1": 1.1418299194915176,
    "L2": 0.6236858313028906,
    "g": 9.81,
    "theta1": 1.2707601153318202,
    "omega1": 0.34322561771171745,
    "theta2": 2.774156475515418,
    "omega2": -0.5246832732788054
  },
  "metadata": {
    "seed": 891209211,
    "noise_source": "none",
    "rng_probe": 0.2928884782190877
  }
}