{
  "trajectory_id": "double_pendulum_00037",
  "system_name": "double_pendulum",
  "parameters": {
    "m1": 0.9929946772950546,
    "m2": 1.0553568956723147,
    "L1": 1.1485946763647563,
    "L2": 0.8375011796570282,
    "g": 9.81,
    "theta1": 2.936039299197822,
    "omega1": -0.03817914339984285,
    "theta2": 2.8371574043588783,
    "omega2": -0.3432775899906224
  },
  "metadata": {
    "seed": 786821794,
    "noise_source": "none",
    "rng_probe": 0.9179046351811846
  }
}