{
  "trajectory_id": "double_pendulum_00052",
  "system_name": "double_pendulum",
  "parameters": {
    "m1": 1.481545310322194,
    "m2": 0.8316497890426849,
    "L1": 0.8166070010542401,
    "L2": 1.167923757825043,
    "g": 9.81,
    "theta1": 3.031383672761394,
    "omega1": -0.8909993700174088,
    "theta2": 1.910066539289666,
    "omega2": 0.23261793985506563
  },
  "metadata": {
    "seed": 9404213,
    "noise_source": "none",
    "rng_probe": 0.3064310309462289
  }
}