{
  "trajectory_id": "double_pendulum_00066",
  "system_name": "double_pendulum",
  "parameters": {
    "m1": 0.8924009448668563,
    "m2": 1.6123060617150495,
    "L1": 1.1100709603827672,
    "L2": 1.1193192401074195,
    "g": 9.81,
    "theta1": 2.0884852978886457,
    "omega1": -0.8837830365571053,
    "theta2": 2.370440218112106,
    "omega2": -0.26678323013477523
  },
  "metadata": {
    "seed": 1597013353,
    "noise_source": "none",
    "rng_probe": 0.16271478145998264
  }
}