{
  "trajectory_id": "double_pendulum_00010",
  "system_name": "double_pendulum",
  "parameters": {
    "m1": 0.7080574329307701,
    "m2": 1.4668312207157403,
    "L1": 0.9695017842011099,
    "L2": 0.7290174232268815,
    "g": 9.81,
    "theta1": 1.5739741070739408,
    "omega1": 0.39264075015547206,
    "theta2": 0.5132713726651871,
    "omega2": -0.1076874488519386
  },
  "metadata": {
    "seed": 356942048,
    "noise_source": "none",
    "rng_probe": 0.690882643468507
  }
}