{
  "trajectory_id": "double_pendulum_00036",
  "system_name": "double_pendulum",
  "parameters": {
    "m1": 1.0621073953204243,
    "m2": 1.3674759254845321,
    "L1": 0.8131706540006768,
    "L2": 0.7118147287631654,
    "g": 9.81,
    "theta1": 1.5035080059881418,
    "omega1": -0.5348601189422526,
    "theta2": 1.3180076408778898,
    "omega2": -0.264976379769744
  },
  "metadata": {
    "seed": 1084594964,
    "noise_source": "none",
    "rng_probe": 0.6588254392092381
  }
}