{
  "trajectory_id": "double_pendulum_00041",
  "system_name": "double_pendulum",
  "parameters": {
    "m1": 0.7140590370772815,
    "m2": 1.3393988400289456,
    "L1": 0.737033043274231,
    "L2": 1.0519604891779535,
    "g": 9.81,
    "theta1": 1.7911004461759865,
    "omega1": 0.045263551026245574,
    "theta2": 1.467337017989617,
    "omega2": 0.5278467800131759
  },
  "metadata": {
    "seed": 1267178335,
    "noise_source": "none",
    "rng_probe": 0.24834292712855355
  }
}