{
  "trajectory_id": "double_pendulum_00033",
  "system_name": "double_pendulum",
  "parameters": {
    "m1": 0.8177980915158289,
    "m2": 0.8840938453252752,
    "L1": 0.7995100606657695,
    "L2": 1.0569861213942182,
    "g": 9.81,
    "theta1": 1.3161007359842969,
    "omega1": -0.2527717230808568,
    "theta2": 0.19981096933080053,
    "omega2": 0.04750589743527445
  },
  "metadata": {
    "seed": 93361984,
    "noise_source": "none",
    "rng_probe": 0.00971056226560707
  }
}