{
  "trajectory_id": "double_pendulum_00074",
  "system_name": "double_pendulum",
  "parameters": {
    "m1": 1.5624717443828693,
    "m2": 1.7096420006638666,
    "L1": 1.2580664724939452,
    "L2": 0.6295765817609393,
    "g": 9.81,
    "theta1": 1.1836087032942786,
    "omega1": -0.781435417770884,
    "theta2": 0.198120915630856,
    "omega2": 0.35061125733496823
  },
  "metadata": {
    "seed": 1637867742,
    "noise_source": "none",
    "rng_probe": 0.15154797963700117
  }
}