{
  "trajectory_id": "driven_damped_single_00005",
  "system_name": "driven_damped_single",
  "parameters": {
    "m": 1.0611688506255994,
    "L": 1.3687445997314676,
    "g": 9.81,
    "damping": 0.028243832826177533,
    "drive_amplitude": 1.1597745223292204,
    "drive_frequency": 0.6545040261952382,
    "theta": 0.07999791934052514,
    "omega": -0.16086601711735876
  },
  "metadata": {
    "seed": 218816036,
    "noise_source": "none"
  }
}