{
  "trajectory_id": "double_pendulum_00005",
  "system_name": "double_pendulum",
  "parameters": {
    "m1": 1.6165802956390434,
    "m2": 1.3676606003310317,
    "L1": 1.1934167578894856,
    "L2": 0.6731964840504365,
    "g": 9.81,
    "theta1": 1.6959390716342357,
    "omega1": 0.7426787533857613,
    "theta2": 1.5944363036280051,
    "omega2": -0.2774718819716848
  },
  "metadata": {
    "seed": 1094767427,
    "noise_source": "none",
    "rng_probe": 0.6904395982736171
  }
}