{
  "trajectory_id": "double_pendulum_00003",
  "system_name": "double_pendulum",
  "parameters": {
    "m1": 1.159447230390347,
    "m2": 1.700601327831423,
    "L1": 1.1033810035928082,
    "L2": 1.011294117279611,
    "g": 9.81,
    "theta1": 1.5612865908568054,
    "omega1": -0.9764119489149883,
    "theta2": 0.80283956849218,
    "omega2": -0.6151957120293787
  },
  "metadata": {
    "seed": 1105715321,
    "noise_source": "none",
    "rng_probe": 0.7870656614188237
  }
}