{
  "trajectory_id": "double_pendulum_00078",
  "system_name": "double_pendulum",
  "parameters": {
    "m1": 0.7017739094829157,
    "m2": 1.0103123262547924,
    "L1": 1.1741113181132539,
    "L2": 1.2459452847810253,
    "g": 9.81,
    "theta1": 3.0877704972165843,
    "omega1": -0.18411609773743565,
    "theta2": 0.9514126554079188,
    "omega2": -0.7263574439407474
  },
  "metadata": {
    "seed": 256287515,
    "noise_source": "none",
    "rng_probe": 0.7991955641873575
  }
}