{
  "trajectory_id": "double_pendulum_00031",
  "system_name": "double_pendulum",
  "parameters": {
    "m1": 1.7051645669849405,
    "m2": 0.7986380672823338,
    "L1": 0.8277760658703484,
    "L2": 0.7228907161536469,
    "g": 9.81,
    "theta1": 0.4012737292071612,
    "omega1": -0.8892091816714798,
    "theta2": 0.11432365112691295,
    "omega2": -0.6507170581282946
  },
  "metadata": {
    "seed": 308962622,
    "noise_source": "none",
    "rng_probe": 0.6485998077354709
  }
}