{
  "trajectory_id": "double_pendulum_00029",
  "system_name": "double_pendulum",
  "parameters": {
    "m1": 1.0950858831284165,
    "m2": 1.0490208520886193,
    "L1": 0.9407056690988078,
    "L2": 1.1215448204639793,
    "g": 9.81,
    "theta1": 2.6885531325958403,
    "omega1": -0.5043208740972838,
    "theta2": 1.430569422010586,
    "omega2": -0.5266752740048377
  },
  "metadata": {
    "seed": 1295162757,
    "noise_source": "none",
    "rng_probe": 0.16592731165348362
  }
}