{
  "trajectory_id": "double_pendulum_00014",
  "system_name": "double_pendulum",
  "parameters": {
    "m1": 1.3527706088429319,
    "m2": 1.3009175626952827,
    "L1": 1.119877281243856,
    "L2": 0.6675554569119112,
    "g": 9.81,
    "theta1": 1.314716739750383,
    "omega1": -0.012018361510962139,
    "theta2": 0.17657336550354058,
    "omega2": -0.34027757533442937
  },
  "metadata": {
    "seed": 1418625643,
    "noise_source": "none",
    "rng_probe": 0.9699283860020171
  }
}