{
  "trajectory_id": "double_pendulum_00075",
  "system_name": "double_pendulum",
  "parameters": {
    "m1": 1.5284648193019517,
    "m2": 1.6385478576667956,
    "L1": 1.1915451747812078,
    "L2": 1.2406972736853055,
    "g": 9.81,
    "theta1": 0.19892766009098856,
    "omega1": 0.24379554675049153,
    "theta2": 0.7633603905908307,
    "omega2": 0.7162506092496463
  },
  "metadata": {
    "seed": 1531710312,
    "noise_source": "none",
    "rng_probe": 0.6938323554794054
  }
}