{
  "trajectory_id": "double_pendulum_00047",
  "system_name": "double_pendulum",
  "parameters": {
    "m1": 0.96231286973099,
    "m2": 1.7021302746186653,
    "L1": 1.2250352283452126,
    "L2": 0.6884707287968884,
    "g": 9.81,
    "theta1": 3.0825732906531758,
    "omega1": -0.43218312427192207,
    "theta2": 2.724168334970406,
    "omega2": 0.6737931593218764
  },
  "metadata": {
    "seed": 949862354,
    "noise_source": "none",
    "rng_probe": 0.9746253265033211
  }
}