{
  "trajectory_id": "double_pendulum_00011",
  "system_name": "double_pendulum",
  "parameters": {
    "m1": 0.9618145069774519,
    "m2": 1.3563391117426662,
    "L1": 0.8894500884427123,
    "L2": 0.6701199354528807,
    "g": 9.81,
    "theta1": 0.4089258849699956,
    "omega1": 0.8171613814152141,
    "theta2": 2.975700869998983,
    "omega2": 0.3994142676214991
  },
  "metadata": {
    "seed": 818236852,
    "noise_source": "none",
    "rng_probe": 0.5757327604157928
  }
}