{
  "trajectory_id": "double_pendulum_00027",
  "system_name": "double_pendulum",
  "parameters": {
    "m1": 0.7684075164766951,
    "m2": 1.1029371831795647,
    "L1": 1.3729855297145452,
    "L2": 1.0768340425874983,
    "g": 9.81,
    "theta1": 2.8878765764478844,
    "omega1": -0.06523679688941697,
    "theta2": 2.496538251763172,
    "omega2": 0.5695268985043749
  },
  "metadata": {
    "seed": 227412942,
    "noise_source": "none",
    "rng_probe": 0.7959267816115143
  }
}