{
  "trajectory_id": "double_pendulum_00019",
  "system_name": "double_pendulum",
  "parameters": {
    "m1": 0.876256789073857,
    "m2": 0.6448950674114157,
    "L1": 1.0438819755131867,
    "L2": 0.896737827089951,
    "g": 9.81,
    "theta1": 2.5738823867357095,
    "omega1": -0.3657222143545693,
    "theta2": 2.5083717396839167,
    "omega2": 0.9057987901394899
  },
  "metadata": {
    "seed": 1967120457,
    "noise_source": "none",
    "rng_probe": 0.5320097267499321
  }
}