{
  "trajectory_id": "double_pendulum_00070",
  "system_name": "double_pendulum",
  "parameters": {
    "m1": 0.9336265279209767,
    "m2": 1.4436401588386711,
    "L1": 1.1070158184554104,
    "L2": 1.3854447580340283,
    "g": 9.81,
    "theta1": 1.9368754522936968,
    "omega1": 0.5228651263680153,
    "theta2": 1.5023783572720883,
    "omega2": 0.8066557439281061
  },
  "metadata": {
    "seed": 1106123516,
    "noise_source": "none",
    "rng_probe": 0.5980028451828832
  }
}