{
  "trajectory_id": "double_pendulum_00049",
  "system_name": "double_pendulum",
  "parameters": {
    "m1": 1.5321215288306624,
    "m2": 0.8378450726554775,
    "L1": 1.328510581704708,
    "L2": 1.1250152314619921,
    "g": 9.81,
    "theta1": 0.15999223457456255,
    "omega1": -0.8966841659712022,
    "theta2": 0.06651534359606646,
    "omega2": 0.21185035529545537
  },
  "metadata": {
    "seed": 307137137,
    "noise_source": "none",
    "rng_probe": 0.25857396382317555
  }
}