{
  "trajectory_id": "double_pendulum_00048",
  "system_name": "double_pendulum",
  "parameters": {
    "m1": 0.7277034382456594,
    "m2": 1.7989256765690864,
    "L1": 1.1325477888852296,
    "L2": 1.1201000124470375,
    "g": 9.81,
    "theta1": 0.32508385078025837,
    "omega1": -0.9420009935910612,
    "theta2": 2.7784101961086582,
    "omega2": -0.5183438839177059
  },
  "metadata": {
    "seed": 973437866,
    "noise_source": "none",
    "rng_probe": 0.49469541151128216
  }
}