{
  "trajectory_id": "double_pendulum_00061",
  "system_name": "double_pendulum",
  "parameters": {
    "m1": 1.592608109424824,
    "m2": 1.62785762828947,
    "L1": 0.8978092585532385,
    "L2": 0.7228903192485078,
    "g": 9.81,
    "theta1": 1.8775117707856526,
    "omega1": -0.270161277843495,
    "theta2": 0.4139951667549768,
    "omega2": 0.9168583618019448
  },
  "metadata": {
    "seed": 31531165,
    "noise_source": "none",
    "rng_probe": 0.9755814167042062
  }
}