{
  "trajectory_id": "double_pendulum_00058",
  "system_name": "double_pendulum",
  "parameters": {
    "m1": 0.9794569821888518,
    "m2": 1.5449186663831447,
    "L1": 1.0393155068797435,
    "L2": 0.9451345561439121,
    "g": 9.81,
    "theta1": 1.9540749630858398,
    "omega1": 0.025478489213516475,
    "theta2": 1.1469726989271705,
    "omega2": 0.4734113769644406
  },
  "metadata": {
    "seed": 1198977049,
    "noise_source": "none",
    "rng_probe": 0.764943860719599
  }
}