{
  "trajectory_id": "driven_damped_single_00076",
  "system_name": "driven_damped_single",
  "parameters": {
    "m": 0.8399324228707161,
    "L": 0.775182069402004,
    "g": 9.81,
    "damping": 0.048052861768213266,
    "drive_amplitude": 1.0523823179302663,
    "drive_frequency": 1.6314072724068387,
    "theta": -2.4169752721214777,
    "omega": 0.2869662151447488
  },
  "metadata": {
    "seed": 222079596,
    "noise_source": "none"
  }
}