{
  "trajectory_id": "driven_damped_single_00046",
  "system_name": "driven_damped_single",
  "parameters": {
    "m": 0.9209921124551713,
    "L": 1.3632749197661946,
    "g": 9.81,
    "damping": 0.11272224694738885,
    "drive_amplitude": 0.7618189300629994,
    "drive_frequency": 1.5796738025323194,
    "theta": -0.8398388943929087,
    "omega": 0.5724257104479086
  },
  "metadata": {
    "seed": 1266087754,
    "noise_source": "none"
  }
}