{
  "trajectory_id": "double_pendulum_00023",
  "system_name": "double_pendulum",
  "parameters": {
    "m1": 1.3192593498250123,
    "m2": 1.6494744490049575,
    "L1": 0.7571477325716586,
    "L2": 0.8482589383200758,
    "g": 9.81,
    "theta1": 2.4145488448595276,
    "omega1": 0.0014823724046846287,
    "theta2": 3.005900118071463,
    "omega2": -0.7122049948974984
  },
  "metadata": {
    "seed": 384975759,
    "noise_source": "none",
    "rng_probe": 0.9284814404822543
  }
}