{
  "trajectory_id": "double_pendulum_00018",
  "system_name": "double_pendulum",
  "parameters": {
    "m1": 1.2648433722468593,
    "m2": 0.7302908893625323,
    "L1": 1.1377920744318493,
    "L2": 0.8249870270712066,
    "g": 9.81,
    "theta1": 2.0556950412897144,
    "omega1": 0.537294983835314,
    "theta2": 2.2612214780143276,
    "omega2": -0.7845181080882069
  },
  "metadata": {
    "seed": 1319935422,
    "noise_source": "none",
    "rng_probe": 0.07094919396481558
  }
}