{
  "trajectory_id": "double_pendulum_00034",
  "system_name": "double_pendulum",
  "parameters": {
    "m1": 0.7220062834844592,
    "m2": 1.6001502645462717,
    "L1": 0.6415694931720833,
    "L2": 1.3398734952144495,
    "g": 9.81,
    "theta1": 0.3514618033035544,
    "omega1": 0.8053062878552342,
    "theta2": 2.61581137553209,
    "omega2": 0.9591413611731854
  },
  "metadata": {
    "seed": 688690082,
    "noise_source": "none",
    "rng_probe": 0.4971263955611581
  }
}