{
  "trajectory_id": "double_pendulum_00064",
  "system_name": "double_pendulum",
  "parameters": {
    "m1": 0.7699150662825296,
    "m2": 1.1378947359052214,
    "L1": 0.9140581726735358,
    "L2": 0.664039426916948,
    "g": 9.81,
    "theta1": 2.347406704607204,
    "omega1": -0.06134613161919744,
    "theta2": 1.3693791027857252,
    "omega2": -0.6986540523735196
  },
  "metadata": {
    "seed": 657869795,
    "noise_source": "none",
    "rng_probe": 0.12265746289763835
  }
}