{
  "trajectory_id": "double_pendulum_00003",
  "system_name": "double_pendulum",
  "parameters": {
    "m1": 1.160065204472441,
    "m2": 0.6525645189446745,
    "L1": 0.7234315936540382,
    "L2": 1.1464391625939636,
    "g": 9.81,
    "theta1": 2.315263102080913,
    "omega1": -0.3483492837236961,
    "theta2": 2.99277049444852,
    "omega2": -0.25908058793026223
  },
  "metadata": {
    "seed": 417983441,
    "noise_source": "none",
    "rng_probe": 0.689984624123912
  }
}