{
  "trajectory_id": "double_pendulum_00026",
  "system_name": "double_pendulum",
  "parameters": {
    "m1": 1.18630085442184,
    "m2": 1.395437055316299,
    "L1": 1.3644986056375759,
    "L2": 0.829156981505644,
    "g": 9.81,
    "theta1": 2.8628905245733773,
    "omega1": 0.11039608465364936,
    "theta2": 0.12561244637241598,
    "omega2": 0.2679502233621702
  },
  "metadata": {
    "seed": 1805590444,
    "noise_source": "none",
    "rng_probe": 0.5535394480491908
  }
}