{
  "trajectory_id": "double_pendulum_00004",
  "system_name": "double_pendulum",
  "parameters": {
    "m1": 1.1634669735309695,
    "m2": 0.8273656309011429,
    "L1": 0.7039372042683772,
    "L2": 0.980563940980747,
    "g": 9.81,
    "theta1": 0.7401658091040113,
    "omega1": -0.12569616225533853,
    "theta2": 2.0873013254979567,
    "omega2": 0.6653563921156749
  },
  "metadata": {
    "seed": 1352408538,
    "noise_source": "none",
    "rng_probe": 0.2334564925040723
  }
}