{
  "trajectory_id": "double_pendulum_00069",
  "system_name": "double_pendulum",
  "parameters": {
    "m1": 1.006626762731526,
    "m2": 0.8299236115952399,
    "L1": 0.619858505438858,
    "L2": 1.3419683668032212,
    "g": 9.81,
    "theta1": 1.4132641169112095,
    "omega1": 0.1969543831154732,
    "theta2": 0.9853964169962682,
    "omega2": -0.9853710874139687
  },
  "metadata": {
    "seed": 381192482,
    "noise_source": "none",
    "rng_probe": 0.5164060270981355
  }
}