{
  "trajectory_id": "double_pendulum_00068",
  "system_name": "double_pendulum",
  "parameters": {
    "m1": 1.6203291586004662,
    "m2": 1.0087089547098291,
    "L1": 0.9990535668251881,
    "L2": 1.025128832803662,
    "g": 9.81,
    "theta1": 0.3693055326454319,
    "omega1": 0.8346753451033522,
    "theta2": 1.262234376453203,
    "omega2": 0.2616644807294848
  },
  "metadata": {
    "seed": 840747731,
    "noise_source": "none",
    "rng_probe": 0.015631448236734125
  }
}