{
  "trajectory_id": "double_pendulum_00017",
  "system_name": "double_pendulum",
  "parameters": {
    "m1": 0.9203707957102724,
    "m2": 0.9978827968110626,
    "L1": 1.0165379219772301,
    "L2": 0.9511291682440373,
    "g": 9.81,
    "theta1": 0.11573514339280881,
    "omega1": 0.7923215436795334,
    "theta2": 2.5632434463501332,
    "omega2": -0.7195018220027785
  },
  "metadata": {
    "seed": 1016810745,
    "noise_source": "none",
    "rng_probe": 0.3659980848465749
  }
}