{
  "trajectory_id": "double_pendulum_00060",
  "system_name": "double_pendulum",
  "parameters": {
    "m1": 0.6864709764875324,
    "m2": 1.6103918532473558,
    "L1": 0.6444543335255023,
    "L2": 0.8244891489069247,
    "g": 9.81,
    "theta1": 1.066287476533162,
    "omega1": -0.37221326039602154,
    "theta2": 0.5761786336065938,
    "omega2": 0.4853851334501713
  },
  "metadata": {
    "seed": 1938723321,
    "noise_source": "none",
    "rng_probe": 0.2952869377253523
  }
}