{
  "trajectory_id": "double_pendulum_00032",
  "system_name": "double_pendulum",
  "parameters": {
    "m1": 0.6640583191526105,
    "m2": 1.3093725793331656,
    "L1": 1.1445716214396051,
    "L2": 0.9149043654656226,
    "g": 9.81,
    "theta1": 1.0171993843963132,
    "omega1": 0.7500098844692171,
    "theta2": 1.584563296070118,
    "omega2": 0.702263253644412
  },
  "metadata": {
    "seed": 1152154131,
    "noise_source": "none",
    "rng_probe": 0.783171063929284
  }
}