{
  "trajectory_id": "driven_damped_single_00043",
  "system_name": "driven_damped_single",
  "parameters": {
    "m": 0.8609306840630303,
    "L": 1.142597969121147,
    "g": 9.81,
    "damping": 0.09340599375985612,
    "drive_amplitude": 0.9261801283839011,
    "drive_frequency": 1.1916491452323614,
    "theta": -0.6727570400873034,
    "omega": 1.012445880371988
  },
  "metadata": {
    "seed": 277089937,
    "noise_source": "none"
  }
}